name,age,gender,ethnicity
crop_part1/9_0_0_20170110220040107.jpg.chip.jpg,0,0,0
crop_part1/1_1_0_20170109191347386.jpg.chip.jpg,0,1,0
crop_part1/41_1_0_20170103163256248.jpg.chip.jpg,1,1,0
crop_part1/83_1_0_20170110160644142.jpg.chip.jpg,1,1,0
crop_part1/37_0_0_20170104205709259.jpg.chip.jpg,1,0,0
crop_part1/1_0_2_20161219161032534.jpg.chip.jpg,0,0,1
crop_part1/52_0_0_20170105173134925.jpg.chip.jpg,1,0,0
crop_part1/1_1_0_20161219205428229.jpg.chip.jpg,0,1,0
crop_part1/56_1_0_20170110123126617.jpg.chip.jpg,1,1,0
crop_part1/80_1_0_20170110140603775.jpg.chip.jpg,1,1,0
crop_part1/44_0_2_20170107213715065.jpg.chip.jpg,1,0,1
crop_part1/90_0_2_20170111210435708.jpg.chip.jpg,1,0,1
crop_part1/2_1_2_20161219211923782.jpg.chip.jpg,0,1,1
crop_part1/37_0_3_20170105175547134.jpg.chip.jpg,1,0,1
crop_part1/25_1_2_20170104020903060.jpg.chip.jpg,0,1,1
crop_part1/61_1_20170109142408075.jpg.chip.jpg,1,1,1
crop_part1/43_1_0_20170103183515393.jpg.chip.jpg,1,1,0
crop_part1/85_1_0_20170110182404089.jpg.chip.jpg,1,1,0
crop_part1/90_1_2_20170111221639268.jpg.chip.jpg,1,1,1
crop_part1/25_1_0_20170105183634552.jpg.chip.jpg,0,1,0
crop_part1/31_1_0_20170104235124347.jpg.chip.jpg,1,1,0
crop_part1/56_1_0_20170104184326534.jpg.chip.jpg,1,1,0
crop_part1/43_0_4_20170104000923085.jpg.chip.jpg,1,0,1
crop_part1/4_1_4_20161223232228388.jpg.chip.jpg,0,1,1
crop_part1/10_0_3_20170104225238736.jpg.chip.jpg,0,0,1
crop_part1/29_1_0_20170103181717184.jpg.chip.jpg,0,1,0
crop_part1/37_1_0_20170105172735429.jpg.chip.jpg,1,1,0
crop_part1/38_1_2_20170109140654630.jpg.chip.jpg,1,1,1
crop_part1/18_0_4_20170104011044048.jpg.chip.jpg,0,0,1
crop_part1/31_1_4_20170103224732417.jpg.chip.jpg,1,1,1
crop_part1/26_1_3_20170104214731389.jpg.chip.jpg,0,1,1
crop_part1/1_0_2_20161219151505283.jpg.chip.jpg,0,0,1
crop_part1/1_1_0_20170109194142307.jpg.chip.jpg,0,1,0
crop_part1/16_0_0_20170110232313053.jpg.chip.jpg,0,0,0
crop_part1/86_1_0_20170110183619254.jpg.chip.jpg,1,1,0
crop_part1/4_1_4_20161221193345109.jpg.chip.jpg,0,1,1
crop_part1/4_1_3_20161220222145586.jpg.chip.jpg,0,1,1
crop_part1/26_0_0_20170103235702988.jpg.chip.jpg,0,0,0
crop_part1/56_0_0_20170111201122422.jpg.chip.jpg,1,0,0
crop_part1/14_0_1_20170104012054585.jpg.chip.jpg,0,0,1
crop_part1/40_0_4_20170104200459608.jpg.chip.jpg,1,0,1
crop_part1/45_0_0_20170104202521936.jpg.chip.jpg,1,0,0
crop_part1/21_1_2_20170103180145808.jpg.chip.jpg,0,1,1
crop_part1/65_0_0_20170111204905982.jpg.chip.jpg,1,0,0
crop_part1/62_1_0_20170110131354284.jpg.chip.jpg,1,1,0
crop_part1/53_1_0_20170104170652531.jpg.chip.jpg,1,1,0
crop_part1/34_0_0_20170104170059137.jpg.chip.jpg,1,0,0
crop_part1/48_1_3_20170104220351694.jpg.chip.jpg,1,1,1
crop_part1/25_1_2_20170104015640427.jpg.chip.jpg,0,1,1
crop_part1/11_0_0_20170110220710576.jpg.chip.jpg,0,0,0
crop_part1/42_1_4_20170103230535913.jpg.chip.jpg,1,1,1
crop_part1/4_0_0_20170110225200150.jpg.chip.jpg,0,0,0
crop_part1/1_0_2_20161219220247471.jpg.chip.jpg,0,0,1
crop_part1/69_1_0_20170110153039020.jpg.chip.jpg,1,1,0
crop_part1/29_1_0_20170103163418225.jpg.chip.jpg,0,1,0
crop_part1/1_1_0_20170109190538300.jpg.chip.jpg,0,1,0
crop_part1/19_0_3_20170104225836561.jpg.chip.jpg,0,0,1
crop_part1/65_0_0_20170104184048158.jpg.chip.jpg,1,0,0
crop_part1/17_1_4_20170103233523157.jpg.chip.jpg,0,1,1
crop_part1/54_0_2_20170111171747443.jpg.chip.jpg,1,0,1
crop_part1/59_0_0_20170105163446940.jpg.chip.jpg,1,0,0
crop_part1/54_0_0_20170104213140733.jpg.chip.jpg,1,0,0
crop_part1/50_1_2_20170107212204715.jpg.chip.jpg,1,1,1
crop_part1/7_0_0_20170110215944035.jpg.chip.jpg,0,0,0
crop_part1/1_0_3_20161219230004880.jpg.chip.jpg,0,0,1
crop_part1/80_1_0_20170110153307958.jpg.chip.jpg,1,1,0
crop_part1/43_0_1_20170111194850581.jpg.chip.jpg,1,0,1
crop_part1/53_1_0_20170110160643329.jpg.chip.jpg,1,1,0
crop_part1/39_0_0_20170104204717955.jpg.chip.jpg,1,0,0
crop_part1/16_0_4_20170104011805376.jpg.chip.jpg,0,0,1
crop_part1/3_0_2_20161219221714703.jpg.chip.jpg,0,0,1
crop_part1/65_0_0_20170111201030222.jpg.chip.jpg,1,0,0
crop_part1/2_1_4_20161221192849749.jpg.chip.jpg,0,1,1
crop_part1/9_0_1_20170110224349623.jpg.chip.jpg,0,0,1
crop_part1/17_0_0_20170110231233724.jpg.chip.jpg,0,0,0
crop_part1/74_0_0_20170111211030017.jpg.chip.jpg,1,0,0
crop_part1/78_1_0_20170110181107549.jpg.chip.jpg,1,1,0
crop_part1/11_1_4_20170109201611941.jpg.chip.jpg,0,1,1
crop_part1/65_0_0_20170111205148232.jpg.chip.jpg,1,0,0
crop_part1/58_1_0_20170109150657263.jpg.chip.jpg,1,1,0
crop_part1/18_1_0_20170109213010399.jpg.chip.jpg,0,1,0
crop_part1/54_0_0_20170104212504460.jpg.chip.jpg,1,0,0
crop_part1/32_0_0_20170104202221514.jpg.chip.jpg,1,0,0
crop_part1/55_1_0_20170110160643438.jpg.chip.jpg,1,1,0
crop_part1/34_1_0_20170104173038042.jpg.chip.jpg,1,1,0
crop_part1/9_0_0_20170110215848132.jpg.chip.jpg,0,0,0
crop_part1/62_0_0_20170111200703518.jpg.chip.jpg,1,0,0
crop_part1/5_1_3_20161219224922904.jpg.chip.jpg,0,1,1
crop_part1/24_1_0_20170103180625656.jpg.chip.jpg,0,1,0
crop_part1/25_1_2_20170104020239939.jpg.chip.jpg,0,1,1
crop_part1/52_0_0_20170104212331895.jpg.chip.jpg,1,0,0
crop_part1/9_0_0_20170110220159083.jpg.chip.jpg,0,0,0
crop_part1/1_1_0_20170109191010113.jpg.chip.jpg,0,1,0
crop_part1/52_0_0_20170105173215909.jpg.chip.jpg,1,0,0
crop_part1/30_0_4_20170104000115245.jpg.chip.jpg,0,0,1
crop_part1/5_1_2_20161219203429011.jpg.chip.jpg,0,1,1
crop_part1/58_0_0_20170111210633610.jpg.chip.jpg,1,0,0
crop_part1/4_1_3_20161220220857450.jpg.chip.jpg,0,1,1
crop_part1/17_0_0_20170105183607439.jpg.chip.jpg,0,0,0
crop_part1/10_0_0_20170110220539329.jpg.chip.jpg,0,0,0
crop_part1/59_0_0_20170108235700268.jpg.chip.jpg,1,0,0
crop_part1/26_0_0_20170105183712607.jpg.chip.jpg,0,0,0
crop_part1/24_1_4_20170103225908457.jpg.chip.jpg,0,1,1
crop_part1/30_1_0_20170109141417666.jpg.chip.jpg,0,1,0
crop_part1/85_1_0_20170110183611657.jpg.chip.jpg,1,1,0
crop_part1/9_0_0_20170110225249086.jpg.chip.jpg,0,0,0
crop_part1/3_0_0_20170110212754904.jpg.chip.jpg,0,0,0
crop_part1/57_0_0_20170105173458901.jpg.chip.jpg,1,0,0
crop_part1/35_0_0_20170104183524965.jpg.chip.jpg,1,0,0
crop_part1/13_0_0_20170110224337867.jpg.chip.jpg,0,0,0
crop_part1/26_1_3_20170104222955855.jpg.chip.jpg,0,1,1
crop_part1/51_1_3_20170109142147935.jpg.chip.jpg,1,1,1
crop_part1/38_1_0_20170111182452859.jpg.chip.jpg,1,1,0
crop_part1/54_0_3_20170105173505798.jpg.chip.jpg,1,0,1
crop_part1/1_0_2_20161219203943516.jpg.chip.jpg,0,0,1
crop_part1/75_0_0_20170111205905746.jpg.chip.jpg,1,0,0
crop_part1/36_1_0_20170104171550313.jpg.chip.jpg,1,1,0
crop_part1/85_1_2_20170110183010789.jpg.chip.jpg,1,1,1
crop_part1/26_1_4_20170103213051380.jpg.chip.jpg,0,1,1
crop_part1/24_1_4_20170103223727135.jpg.chip.jpg,0,1,1
crop_part1/32_1_3_20170109141339133.jpg.chip.jpg,1,1,1
crop_part1/1_0_2_20170110213415212.jpg.chip.jpg,0,0,1
crop_part1/32_1_2_20170109141342355.jpg.chip.jpg,1,1,1
crop_part1/33_1_3_20170104235051234.jpg.chip.jpg,1,1,1
crop_part1/14_0_0_20170110224519294.jpg.chip.jpg,0,0,0
crop_part1/85_1_0_20170110182918046.jpg.chip.jpg,1,1,0
crop_part1/53_0_0_20170104212423829.jpg.chip.jpg,1,0,0
crop_part1/1_0_2_20161219210754437.jpg.chip.jpg,0,0,1
crop_part1/50_0_0_20170111171747287.jpg.chip.jpg,1,0,0
crop_part1/31_1_4_20170103230248753.jpg.chip.jpg,1,1,1
crop_part1/23_1_0_20170104165334721.jpg.chip.jpg,0,1,0
crop_part1/17_0_0_20170104003852806.jpg.chip.jpg,0,0,0
crop_part1/39_1_0_20170103183656003.jpg.chip.jpg,1,1,0
crop_part1/14_1_0_20170109203638205.jpg.chip.jpg,0,1,0
crop_part1/9_0_0_20170110224425000.jpg.chip.jpg,0,0,0
crop_part1/18_1_0_20170109212826322.jpg.chip.jpg,0,1,0
crop_part1/30_1_4_20170103213106156.jpg.chip.jpg,0,1,1
crop_part1/85_1_0_20170110184001159.jpg.chip.jpg,1,1,0
crop_part1/47_0_2_20170104211734268.jpg.chip.jpg,1,0,1
crop_part1/1_0_0_20161219204512212.jpg.chip.jpg,0,0,0
crop_part1/1_0_3_20161219224942305.jpg.chip.jpg,0,0,1
crop_part1/52_0_0_20170104165813945.jpg.chip.jpg,1,0,0
crop_part1/59_0_2_20170104022521749.jpg.chip.jpg,1,0,1
crop_part1/1_0_3_20161219225759904.jpg.chip.jpg,0,0,1
crop_part1/1_1_3_20161219225245716.jpg.chip.jpg,0,1,1
crop_part1/10_1_0_20170109204617417.jpg.chip.jpg,0,1,0
crop_part1/72_0_0_20170111171747670.jpg.chip.jpg,1,0,0
crop_part1/54_0_0_20170105173614957.jpg.chip.jpg,1,0,0
crop_part1/1_0_4_20161221195115664.jpg.chip.jpg,0,0,1
crop_part1/40_0_0_20170103182925914.jpg.chip.jpg,1,0,0
crop_part1/18_1_0_20170109214216731.jpg.chip.jpg,0,1,0
crop_part1/10_0_1_20170110220523360.jpg.chip.jpg,0,0,1
crop_part1/1_0_3_20161219230250136.jpg.chip.jpg,0,0,1
crop_part1/29_1_4_20170103230245713.jpg.chip.jpg,0,1,1
crop_part1/8_1_0_20170109201724457.jpg.chip.jpg,0,1,0
crop_part1/1_0_2_20161219162514182.jpg.chip.jpg,0,0,1
crop_part1/32_0_0_20170104173023034.jpg.chip.jpg,1,0,0
crop_part1/37_1_1_20170103183005866.jpg.chip.jpg,1,1,1
crop_part1/20_1_4_20170103224354767.jpg.chip.jpg,0,1,1
crop_part1/24_0_2_20170104015809173.jpg.chip.jpg,0,0,1
crop_part1/59_1_0_20170110141538799.jpg.chip.jpg,1,1,0
crop_part1/5_0_2_20161219151837283.jpg.chip.jpg,0,0,1
crop_part1/40_0_4_20170104201550378.jpg.chip.jpg,1,0,1
crop_part1/42_1_0_20170109140758891.jpg.chip.jpg,1,1,0
crop_part1/55_1_0_20170109220443515.jpg.chip.jpg,1,1,0
crop_part1/24_1_3_20161220222118601.jpg.chip.jpg,0,1,1
crop_part1/32_1_0_20170103163352672.jpg.chip.jpg,1,1,0
crop_part1/11_0_0_20170110224233654.jpg.chip.jpg,0,0,0
crop_part1/1_0_3_20161220220036937.jpg.chip.jpg,0,0,1
crop_part1/3_0_2_20161219221758967.jpg.chip.jpg,0,0,1
crop_part1/1_0_2_20161219211244365.jpg.chip.jpg,0,0,1
crop_part1/3_1_2_20161219162325990.jpg.chip.jpg,0,1,1
crop_part1/20_1_0_20170105183447816.jpg.chip.jpg,0,1,0
crop_part1/2_0_2_20161219162403159.jpg.chip.jpg,0,0,1
crop_part1/1_1_3_20161219225320176.jpg.chip.jpg,0,1,1
crop_part1/50_0_0_20170109004250555.jpg.chip.jpg,1,0,0
crop_part1/52_0_0_20170104212228222.jpg.chip.jpg,1,0,0
crop_part1/4_0_1_20170104010848776.jpg.chip.jpg,0,0,1
crop_part1/37_0_0_20170104205628245.jpg.chip.jpg,1,0,0
crop_part1/35_1_2_20170105162414267.jpg.chip.jpg,1,1,1
crop_part1/1_0_0_20170109193841675.jpg.chip.jpg,0,0,0
crop_part1/8_0_0_20170110220138938.jpg.chip.jpg,0,0,0
crop_part1/1_1_0_20170109191415528.jpg.chip.jpg,0,1,0
crop_part1/53_0_0_20170105163552388.jpg.chip.jpg,1,0,0
crop_part1/76_0_2_20170105174825693.jpg.chip.jpg,1,0,1
crop_part1/20_0_3_20170104225831145.jpg.chip.jpg,0,0,1
crop_part1/36_0_0_20170108225341913.jpg.chip.jpg,1,0,0
crop_part1/1_0_0_20170110213327766.jpg.chip.jpg,0,0,0
crop_part1/39_0_0_20170104184915702.jpg.chip.jpg,1,0,0
crop_part1/54_0_0_20170111210429835.jpg.chip.jpg,1,0,0
crop_part1/5_0_3_20161220223210595.jpg.chip.jpg,0,0,1
crop_part1/9_0_0_20170110220700428.jpg.chip.jpg,0,0,0
crop_part1/2_0_0_20170109191008066.jpg.chip.jpg,0,0,0
crop_part1/23_1_4_20170103224258631.jpg.chip.jpg,0,1,1
crop_part1/74_0_2_20170105174346668.jpg.chip.jpg,1,0,1
crop_part1/18_0_3_20170104230329273.jpg.chip.jpg,0,0,1
crop_part1/1_1_2_20161219154612988.jpg.chip.jpg,0,1,1
crop_part1/9_0_0_20170110220238481.jpg.chip.jpg,0,0,0
crop_part1/1_1_0_20170110212607474.jpg.chip.jpg,0,1,0
crop_part1/63_0_0_20170111171747613.jpg.chip.jpg,1,0,0
crop_part1/31_1_3_20170104234925395.jpg.chip.jpg,1,1,1
crop_part1/2_1_4_20170103212142324.jpg.chip.jpg,0,1,1
crop_part1/20_0_4_20170103234731301.jpg.chip.jpg,0,0,1
crop_part1/41_1_0_20170103183924011.jpg.chip.jpg,1,1,0
crop_part1/64_1_0_20170110154140951.jpg.chip.jpg,1,1,0
crop_part1/45_1_0_20170109221119437.jpg.chip.jpg,1,1,0
crop_part1/1_0_3_20161219225846512.jpg.chip.jpg,0,0,1
crop_part1/72_0_0_20170111210618013.jpg.chip.jpg,1,0,0
crop_part1/9_0_0_20170110224607682.jpg.chip.jpg,0,0,0
crop_part1/11_1_0_20170109205441860.jpg.chip.jpg,0,1,0
crop_part1/1_0_0_20170109193823674.jpg.chip.jpg,0,0,0
crop_part1/4_1_4_20161221201901345.jpg.chip.jpg,0,1,1
crop_part1/62_0_0_20170111204505433.jpg.chip.jpg,1,0,0
crop_part1/8_0_0_20170110220143955.jpg.chip.jpg,0,0,0
crop_part1/36_0_1_20170105172620093.jpg.chip.jpg,1,0,1
crop_part1/3_0_0_20170103210954356.jpg.chip.jpg,0,0,0
crop_part1/53_0_0_20170104213317911.jpg.chip.jpg,1,0,0
crop_part1/22_1_3_20170104232458346.jpg.chip.jpg,0,1,1
crop_part1/23_1_3_20170109132112364.jpg.chip.jpg,0,1,1
crop_part1/37_1_0_20170104165602361.jpg.chip.jpg,1,1,0
crop_part1/73_0_0_20170111221837125.jpg.chip.jpg,1,0,0
crop_part1/37_1_0_20170109002419306.jpg.chip.jpg,1,1,0
crop_part1/35_0_0_20170104172415386.jpg.chip.jpg,1,0,0
crop_part1/18_1_3_20170109213106901.jpg.chip.jpg,0,1,1
crop_part1/88_1_0_20170110183050254.jpg.chip.jpg,1,1,0
crop_part1/3_1_3_20161219230328993.jpg.chip.jpg,0,1,1
crop_part1/16_1_0_20170109214444528.jpg.chip.jpg,0,1,0
crop_part1/1_0_0_20161219204741557.jpg.chip.jpg,0,0,0
crop_part1/65_1_0_20170110151351064.jpg.chip.jpg,1,1,0
crop_part1/1_0_2_20161219190530474.jpg.chip.jpg,0,0,1
crop_part1/5_1_0_20170109194115394.jpg.chip.jpg,0,1,0
crop_part1/12_0_0_20170110224833703.jpg.chip.jpg,0,0,0
crop_part1/75_0_0_20170111205314158.jpg.chip.jpg,1,0,0
crop_part1/49_0_0_20170103182824970.jpg.chip.jpg,1,0,0
crop_part1/30_0_3_20170104230725129.jpg.chip.jpg,0,0,1
crop_part1/34_1_2_20170105164106036.jpg.chip.jpg,1,1,1
crop_part1/90_0_0_20170111222613993.jpg.chip.jpg,1,0,0
crop_part1/25_1_3_20161220222256467.jpg.chip.jpg,0,1,1
crop_part1/30_1_4_20170104171702193.jpg.chip.jpg,0,1,1
crop_part1/90_0_0_20170111205657119.jpg.chip.jpg,1,0,0
crop_part1/68_0_0_20170104213011828.jpg.chip.jpg,1,0,0
crop_part1/21_0_3_20161220221819298.jpg.chip.jpg,0,0,1
crop_part1/1_0_4_20161221195827599.jpg.chip.jpg,0,0,1
crop_part1/9_1_1_20170109201837354.jpg.chip.jpg,0,1,1
crop_part1/3_0_0_20161219211053581.jpg.chip.jpg,0,0,0
crop_part1/85_1_3_20170110183438488.jpg.chip.jpg,1,1,1
crop_part1/47_0_0_20170105173254709.jpg.chip.jpg,1,0,0
crop_part1/62_0_0_20170111193832899.jpg.chip.jpg,1,0,0
crop_part1/39_0_2_20170105161404090.jpg.chip.jpg,1,0,1
crop_part1/6_0_0_20170110215527972.jpg.chip.jpg,0,0,0
crop_part1/59_1_0_20170110141623496.jpg.chip.jpg,1,1,0
crop_part1/37_1_0_20170105172729613.jpg.chip.jpg,1,1,0
crop_part1/82_0_0_20170111222624743.jpg.chip.jpg,1,0,0
crop_part1/16_0_0_20170110224435349.jpg.chip.jpg,0,0,0
crop_part1/5_0_2_20161219221839271.jpg.chip.jpg,0,0,1
crop_part1/45_1_0_20170105173156493.jpg.chip.jpg,1,1,0
crop_part1/22_1_4_20170103223649399.jpg.chip.jpg,0,1,1
crop_part1/48_0_0_20170104193619832.jpg.chip.jpg,1,0,0
crop_part1/1_1_1_20170109194716353.jpg.chip.jpg,0,1,1
crop_part1/60_1_0_20170110141425361.jpg.chip.jpg,1,1,0
crop_part1/37_0_2_20170105163305795.jpg.chip.jpg,1,0,1
crop_part1/9_0_0_20170110224508007.jpg.chip.jpg,0,0,0
crop_part1/85_1_0_20170110183935393.jpg.chip.jpg,1,1,0
crop_part1/8_1_4_20170104005525759.jpg.chip.jpg,0,1,1
crop_part1/35_0_0_20170104201044970.jpg.chip.jpg,1,0,0
crop_part1/56_0_0_20170111200430322.jpg.chip.jpg,1,0,0
crop_part1/92_0_2_20170105174832245.jpg.chip.jpg,1,0,1
crop_part1/49_1_3_20170109140923740.jpg.chip.jpg,1,1,1
crop_part1/46_0_0_20170104184807318.jpg.chip.jpg,1,0,0
crop_part1/36_1_0_20170105164705002.jpg.chip.jpg,1,1,0
crop_part1/72_1_0_20170110175634167.jpg.chip.jpg,1,1,0
crop_part1/86_1_0_20170110153717173.jpg.chip.jpg,1,1,0
crop_part1/75_1_0_20170110131723117.jpg.chip.jpg,1,1,0
crop_part1/14_1_0_20170109203842960.jpg.chip.jpg,0,1,0
crop_part1/9_0_0_20170110225030430.jpg.chip.jpg,0,0,0
crop_part1/51_0_0_20170111181750495.jpg.chip.jpg,1,0,0
crop_part1/1_0_4_20161221202654538.jpg.chip.jpg,0,0,1
crop_part1/9_0_0_20170110220449969.jpg.chip.jpg,0,0,0
crop_part1/1_0_3_20161219230642504.jpg.chip.jpg,0,0,1
crop_part1/16_1_0_20170104012420681.jpg.chip.jpg,0,1,0
crop_part1/5_1_3_20161220221812930.jpg.chip.jpg,0,1,1
crop_part1/1_1_4_20161221201923657.jpg.chip.jpg,0,1,1
crop_part1/16_1_2_20170109214552372.jpg.chip.jpg,0,1,1
crop_part1/9_0_0_20170110220406314.jpg.chip.jpg,0,0,0
crop_part1/57_0_0_20170104212832053.jpg.chip.jpg,1,0,0
crop_part1/12_1_0_20170109205104124.jpg.chip.jpg,0,1,0
crop_part1/86_0_0_20170111210513628.jpg.chip.jpg,1,0,0
crop_part1/16_0_0_20170110231725022.jpg.chip.jpg,0,0,0
crop_part1/90_0_0_20170111211345356.jpg.chip.jpg,1,0,0
crop_part1/39_1_0_20170105001220803.jpg.chip.jpg,1,1,0
crop_part1/75_1_0_20170110140824258.jpg.chip.jpg,1,1,0
crop_part1/52_1_0_20170109142345793.jpg.chip.jpg,1,1,0
crop_part1/4_0_4_20161221193322159.jpg.chip.jpg,0,0,1
crop_part1/39_0_2_20170107211043190.jpg.chip.jpg,1,0,1
crop_part1/48_1_4_20170104181540549.jpg.chip.jpg,1,1,1
crop_part1/85_0_0_20170111210559755.jpg.chip.jpg,1,0,0
crop_part1/52_1_0_20170104192618431.jpg.chip.jpg,1,1,0
crop_part1/85_1_0_20170110181049060.jpg.chip.jpg,1,1,0
crop_part1/58_0_3_20170104220900702.jpg.chip.jpg,1,0,1
crop_part1/13_0_1_20170110232537879.jpg.chip.jpg,0,0,1
crop_part1/26_1_0_20170104165807080.jpg.chip.jpg,0,1,0
crop_part1/45_1_0_20170108224914419.jpg.chip.jpg,1,1,0
crop_part1/56_0_0_20170104212551397.jpg.chip.jpg,1,0,0
crop_part1/17_0_4_20170102234904707.jpg.chip.jpg,0,0,1
crop_part1/70_0_0_20170111201407590.jpg.chip.jpg,1,0,0
crop_part1/65_0_0_20170111171747629.jpg.chip.jpg,1,0,0
crop_part1/22_1_4_20170103225112465.jpg.chip.jpg,0,1,1
crop_part1/46_0_0_20170108235049898.jpg.chip.jpg,1,0,0
crop_part1/49_1_3_20170109012415373.jpg.chip.jpg,1,1,1
crop_part1/2_1_4_20170103210746899.jpg.chip.jpg,0,1,1
crop_part1/88_1_1_20170110183118502.jpg.chip.jpg,1,1,1
crop_part1/53_0_0_20170109012723533.jpg.chip.jpg,1,0,0
crop_part1/28_0_0_20170103181320400.jpg.chip.jpg,0,0,0
crop_part1/43_1_3_20170109132235319.jpg.chip.jpg,1,1,1
crop_part1/54_0_3_20170104202315035.jpg.chip.jpg,1,0,1
crop_part1/72_0_0_20170104213613429.jpg.chip.jpg,1,0,0
crop_part1/59_1_0_20170110122835196.jpg.chip.jpg,1,1,0
crop_part1/3_1_2_20161219160836485.jpg.chip.jpg,0,1,1
crop_part1/37_0_0_20170109010719371.jpg.chip.jpg,1,0,0
crop_part1/60_0_0_20170104205856564.jpg.chip.jpg,1,0,0
crop_part1/53_1_0_20170104212419940.jpg.chip.jpg,1,1,0
crop_part1/70_1_0_20170110141123329.jpg.chip.jpg,1,1,0
crop_part1/90_1_0_20170110182008441.jpg.chip.jpg,1,1,0
crop_part1/1_0_4_20161221195030936.jpg.chip.jpg,0,0,1
crop_part1/72_0_0_20170111210622013.jpg.chip.jpg,1,0,0
crop_part1/3_1_3_20161219225423312.jpg.chip.jpg,0,1,1
crop_part1/72_1_0_20170110183814706.jpg.chip.jpg,1,1,0
crop_part1/32_0_3_20170104220341542.jpg.chip.jpg,1,0,1
crop_part1/26_1_2_20170104015910819.jpg.chip.jpg,0,1,1
crop_part1/28_1_3_20170109140238810.jpg.chip.jpg,0,1,1
crop_part1/8_1_4_20170103200419199.jpg.chip.jpg,0,1,1
crop_part1/53_0_3_20170104220848558.jpg.chip.jpg,1,0,1
crop_part1/55_0_0_20170104204634819.jpg.chip.jpg,1,0,0
crop_part1/1_0_2_20161219151035204.jpg.chip.jpg,0,0,1
crop_part1/53_0_0_20170104212139332.jpg.chip.jpg,1,0,0
crop_part1/8_1_0_20170109205515528.jpg.chip.jpg,0,1,0
crop_part1/90_0_0_20170110175833643.jpg.chip.jpg,1,0,0
crop_part1/42_1_4_20170103225757192.jpg.chip.jpg,1,1,1
crop_part1/60_1_0_20170110160643720.jpg.chip.jpg,1,1,0
crop_part1/53_1_0_20170105000521347.jpg.chip.jpg,1,1,0
crop_part1/1_0_3_20161220220606705.jpg.chip.jpg,0,0,1
crop_part1/57_1_0_20170110160643595.jpg.chip.jpg,1,1,0
crop_part1/78_0_0_20170111222508641.jpg.chip.jpg,1,0,0
crop_part1/85_1_0_20170110182111721.jpg.chip.jpg,1,1,0
crop_part1/92_1_0_20170110182830022.jpg.chip.jpg,1,1,0
crop_part1/54_1_0_20170110124214646.jpg.chip.jpg,1,1,0
crop_part1/2_1_4_20161221201556929.jpg.chip.jpg,0,1,1
crop_part1/81_0_0_20170111211419693.jpg.chip.jpg,1,0,0
crop_part1/3_0_0_20170110212729799.jpg.chip.jpg,0,0,0
crop_part1/26_1_2_20170104022229597.jpg.chip.jpg,0,1,1
crop_part1/1_0_0_20170110213015629.jpg.chip.jpg,0,0,0
crop_part1/69_1_0_20170110122730511.jpg.chip.jpg,1,1,0
crop_part1/14_1_0_20170109203405475.jpg.chip.jpg,0,1,0
crop_part1/17_1_0_20170109213621558.jpg.chip.jpg,0,1,0
crop_part1/34_1_0_20170103163503653.jpg.chip.jpg,1,1,0
crop_part1/9_0_0_20170110225209168.jpg.chip.jpg,0,0,0
crop_part1/25_0_2_20170104192902767.jpg.chip.jpg,0,0,1
crop_part1/32_1_0_20170103182600698.jpg.chip.jpg,1,1,0
crop_part1/85_1_0_20170110182055926.jpg.chip.jpg,1,1,0
crop_part1/78_0_0_20170111221844550.jpg.chip.jpg,1,0,0
crop_part1/60_1_0_20170110152946835.jpg.chip.jpg,1,1,0
crop_part1/15_1_4_20170103233356803.jpg.chip.jpg,0,1,1
crop_part1/52_1_0_20170110122705423.jpg.chip.jpg,1,1,0
crop_part1/1_1_2_20161219190719971.jpg.chip.jpg,0,1,1
crop_part1/46_1_0_20170110154306423.jpg.chip.jpg,1,1,0
crop_part1/58_1_3_20170104220324390.jpg.chip.jpg,1,1,1
crop_part1/10_0_0_20170110220033115.jpg.chip.jpg,0,0,0
crop_part1/54_1_1_20170110120122138.jpg.chip.jpg,1,1,1
crop_part1/4_0_0_20170110213317110.jpg.chip.jpg,0,0,0
crop_part1/1_1_0_20170109191535466.jpg.chip.jpg,0,1,0
crop_part1/24_0_4_20170103234950908.jpg.chip.jpg,0,0,1
crop_part1/46_1_0_20170110143242639.jpg.chip.jpg,1,1,0
crop_part1/52_1_0_20170103163641032.jpg.chip.jpg,1,1,0
crop_part1/8_0_0_20170104011915424.jpg.chip.jpg,0,0,0
crop_part1/1_1_0_20161219204702517.jpg.chip.jpg,0,1,0
crop_part1/23_1_3_20170105002606965.jpg.chip.jpg,0,1,1
crop_part1/59_1_0_20170110180108013.jpg.chip.jpg,1,1,0
crop_part1/36_0_0_20170104203841107.jpg.chip.jpg,1,0,0
crop_part1/25_1_4_20170103182320042.jpg.chip.jpg,0,1,1
crop_part1/46_0_3_20170104210508188.jpg.chip.jpg,1,0,1
crop_part1/1_0_0_20170103210032258.jpg.chip.jpg,0,0,0
crop_part1/90_1_2_20170111205444634.jpg.chip.jpg,1,1,1
crop_part1/28_0_0_20170105162616443.jpg.chip.jpg,0,0,0
crop_part1/69_1_0_20170110175803672.jpg.chip.jpg,1,1,0
crop_part1/4_1_0_20170109193059401.jpg.chip.jpg,0,1,0
crop_part1/32_0_0_20170103182544874.jpg.chip.jpg,1,0,0
crop_part1/1_1_0_20170109191226882.jpg.chip.jpg,0,1,0
crop_part1/44_1_4_20170104170219257.jpg.chip.jpg,1,1,1
crop_part1/38_0_2_20170104204240163.jpg.chip.jpg,1,0,1
crop_part1/6_1_4_20161221193230469.jpg.chip.jpg,0,1,1
crop_part1/60_1_0_20170110141405608.jpg.chip.jpg,1,1,0
crop_part1/26_1_0_20170103181852617.jpg.chip.jpg,0,1,0
crop_part1/75_0_0_20170111203722942.jpg.chip.jpg,1,0,0
crop_part1/29_1_4_20170104165735505.jpg.chip.jpg,0,1,1
crop_part1/32_0_4_20170104204203947.jpg.chip.jpg,1,0,1
crop_part1/59_0_4_20170109012655318.jpg.chip.jpg,1,0,1
crop_part1/69_0_1_20170111200716106.jpg.chip.jpg,1,0,1
crop_part1/85_0_2_20170111221734101.jpg.chip.jpg,1,0,1
crop_part1/39_0_4_20170105172836893.jpg.chip.jpg,1,0,1
crop_part1/52_1_0_20170110141236056.jpg.chip.jpg,1,1,0
crop_part1/42_0_2_20170104192610039.jpg.chip.jpg,1,0,1
crop_part1/6_0_3_20161220145409927.jpg.chip.jpg,0,0,1
crop_part1/86_0_0_20170111222700442.jpg.chip.jpg,1,0,0
crop_part1/61_0_3_20170105180813046.jpg.chip.jpg,1,0,1
crop_part1/8_0_2_20170103201916943.jpg.chip.jpg,0,0,1
crop_part1/16_0_0_20170110232208589.jpg.chip.jpg,0,0,0
crop_part1/2_0_4_20170103230700225.jpg.chip.jpg,0,0,1
crop_part1/1_0_2_20161219221751759.jpg.chip.jpg,0,0,1
crop_part1/1_0_2_20161219142002631.jpg.chip.jpg,0,0,1
crop_part1/2_0_4_20161221202918296.jpg.chip.jpg,0,0,1
crop_part1/2_0_2_20161219222714623.jpg.chip.jpg,0,0,1
crop_part1/8_1_4_20170109201742209.jpg.chip.jpg,0,1,1
crop_part1/36_1_0_20170105173107189.jpg.chip.jpg,1,1,0
crop_part1/8_1_0_20170109201110396.jpg.chip.jpg,0,1,0
crop_part1/1_1_0_20170109193022683.jpg.chip.jpg,0,1,0
crop_part1/24_0_2_20161219192221394.jpg.chip.jpg,0,0,1
crop_part1/44_1_3_20170109141426511.jpg.chip.jpg,1,1,1
crop_part1/51_0_2_20170104212459757.jpg.chip.jpg,1,0,1
crop_part1/28_1_4_20170103230506947.jpg.chip.jpg,0,1,1
crop_part1/13_0_0_20170104012531409.jpg.chip.jpg,0,0,0
crop_part1/13_1_0_20170109205119953.jpg.chip.jpg,0,1,0
crop_part1/45_1_3_20170104234959306.jpg.chip.jpg,1,1,1
crop_part1/18_1_0_20170109214557098.jpg.chip.jpg,0,1,0
crop_part1/1_0_3_20161220145156367.jpg.chip.jpg,0,0,1
crop_part1/38_1_3_20170105001035965.jpg.chip.jpg,1,1,1
crop_part1/44_1_0_20170104211529444.jpg.chip.jpg,1,1,0
crop_part1/22_1_2_20170104022959942.jpg.chip.jpg,0,1,1
crop_part1/12_0_4_20170103200555927.jpg.chip.jpg,0,0,1
crop_part1/29_1_0_20170104022706451.jpg.chip.jpg,0,1,0
crop_part1/90_1_0_20170110143355280.jpg.chip.jpg,1,1,0
crop_part1/37_1_2_20170105172732733.jpg.chip.jpg,1,1,1
crop_part1/69_1_0_20170110141155497.jpg.chip.jpg,1,1,0
crop_part1/54_0_0_20170111195744986.jpg.chip.jpg,1,0,0
crop_part1/60_0_0_20170111204658174.jpg.chip.jpg,1,0,0
crop_part1/18_1_0_20170109214106546.jpg.chip.jpg,0,1,0
crop_part1/77_1_0_20170110132442352.jpg.chip.jpg,1,1,0
crop_part1/16_1_3_20170104221802006.jpg.chip.jpg,0,1,1
crop_part1/65_0_3_20170104215624533.jpg.chip.jpg,1,0,1
crop_part1/55_0_0_20170111195247744.jpg.chip.jpg,1,0,0
crop_part1/1_0_3_20161219230132696.jpg.chip.jpg,0,0,1
crop_part1/10_0_0_20170110225035898.jpg.chip.jpg,0,0,0
crop_part1/90_0_0_20170111210151491.jpg.chip.jpg,1,0,0
crop_part1/31_0_3_20170104214647533.jpg.chip.jpg,1,0,1
crop_part1/3_0_2_20161219190552779.jpg.chip.jpg,0,0,1
crop_part1/1_0_0_20170110213201721.jpg.chip.jpg,0,0,0
crop_part1/26_1_0_20170103181710200.jpg.chip.jpg,0,1,0
crop_part1/27_0_0_20170104171511929.jpg.chip.jpg,0,0,0
crop_part1/27_0_3_20170104230432785.jpg.chip.jpg,0,0,1
crop_part1/65_0_0_20170111204914864.jpg.chip.jpg,1,0,0
crop_part1/58_0_0_20170104213234525.jpg.chip.jpg,1,0,0
crop_part1/3_1_3_20161219230204712.jpg.chip.jpg,0,1,1
crop_part1/2_1_3_20161219225738912.jpg.chip.jpg,0,1,1
crop_part1/90_0_0_20170111211332406.jpg.chip.jpg,1,0,0
crop_part1/26_0_3_20170104230509745.jpg.chip.jpg,0,0,1
crop_part1/38_0_2_20170104205949499.jpg.chip.jpg,1,0,1
crop_part1/25_1_0_20170109214731480.jpg.chip.jpg,0,1,0
crop_part1/15_0_2_20161219193832243.jpg.chip.jpg,0,0,1
crop_part1/36_0_0_20170104173013523.jpg.chip.jpg,1,0,0
crop_part1/1_0_3_20161220220529033.jpg.chip.jpg,0,0,1
crop_part1/60_1_0_20170110153231658.jpg.chip.jpg,1,1,0
crop_part1/5_1_0_20170109194051532.jpg.chip.jpg,0,1,0
crop_part1/14_0_0_20170103200615511.jpg.chip.jpg,0,0,0
crop_part1/72_1_0_20170110183342670.jpg.chip.jpg,1,1,0
crop_part1/18_0_0_20170110231644037.jpg.chip.jpg,0,0,0
crop_part1/15_1_0_20170109214723528.jpg.chip.jpg,0,1,0
crop_part1/24_1_3_20170104222753607.jpg.chip.jpg,0,1,1
crop_part1/2_1_4_20161221201419633.jpg.chip.jpg,0,1,1
crop_part1/1_1_2_20161219204430596.jpg.chip.jpg,0,1,1
crop_part1/39_1_0_20170103183200192.jpg.chip.jpg,1,1,0
crop_part1/45_1_0_20170103184012435.jpg.chip.jpg,1,1,0
crop_part1/37_1_0_20170105170228540.jpg.chip.jpg,1,1,0
crop_part1/32_0_0_20170105171757165.jpg.chip.jpg,1,0,0
crop_part1/85_0_1_20170111211354288.jpg.chip.jpg,1,0,1
crop_part1/6_1_4_20170103212222820.jpg.chip.jpg,0,1,1
crop_part1/1_1_3_20161220143241765.jpg.chip.jpg,0,1,1
crop_part1/8_1_3_20161220222538539.jpg.chip.jpg,0,1,1
crop_part1/75_0_0_20170111210208339.jpg.chip.jpg,1,0,0
crop_part1/64_1_0_20170110160643892.jpg.chip.jpg,1,1,0
crop_part1/2_0_0_20170103202750479.jpg.chip.jpg,0,0,0
crop_part1/1_0_2_20161219204951309.jpg.chip.jpg,0,0,1
crop_part1/75_0_0_20170111200622706.jpg.chip.jpg,1,0,0
crop_part1/32_0_3_20170104214518494.jpg.chip.jpg,1,0,1
crop_part1/1_1_0_20170109193427612.jpg.chip.jpg,0,1,0
crop_part1/6_0_0_20170110213109002.jpg.chip.jpg,0,0,0
crop_part1/22_1_4_20170103233803763.jpg.chip.jpg,0,1,1
crop_part1/58_0_0_20170109015156022.jpg.chip.jpg,1,0,0
crop_part1/96_1_0_20170110161321170.jpg.chip.jpg,1,1,0
crop_part1/1_0_2_20161219154038141.jpg.chip.jpg,0,0,1
crop_part1/65_0_0_20170104213544876.jpg.chip.jpg,1,0,0
crop_part1/48_1_0_20170103224620464.jpg.chip.jpg,1,1,0
crop_part1/8_1_3_20170104221650071.jpg.chip.jpg,0,1,1
crop_part1/21_1_4_20170103223240255.jpg.chip.jpg,0,1,1
crop_part1/7_1_0_20170104005639246.jpg.chip.jpg,0,1,0
crop_part1/5_1_0_20170109191741223.jpg.chip.jpg,0,1,0
crop_part1/53_1_0_20170110160643297.jpg.chip.jpg,1,1,0
crop_part1/42_0_0_20170105172350421.jpg.chip.jpg,1,0,0
crop_part1/62_1_0_20170110160643751.jpg.chip.jpg,1,1,0
crop_part1/56_0_3_20170104232205049.jpg.chip.jpg,1,0,1
crop_part1/1_0_2_20161219200342123.jpg.chip.jpg,0,0,1
crop_part1/23_1_0_20170103163120968.jpg.chip.jpg,0,1,0
crop_part1/9_0_0_20170110223500322.jpg.chip.jpg,0,0,0
crop_part1/50_1_0_20170105001410549.jpg.chip.jpg,1,1,0
crop_part1/6_0_0_20170110215531428.jpg.chip.jpg,0,0,0
crop_part1/73_1_0_20170110160644079.jpg.chip.jpg,1,1,0
crop_part1/1_0_2_20161219212444782.jpg.chip.jpg,0,0,1
crop_part1/72_0_0_20170111221945926.jpg.chip.jpg,1,0,0
crop_part1/5_0_3_20161220220614792.jpg.chip.jpg,0,0,1
crop_part1/85_1_1_20170110184037971.jpg.chip.jpg,1,1,1
crop_part1/56_1_2_20170109010140329.jpg.chip.jpg,1,1,1
crop_part1/9_0_0_20170110225407300.jpg.chip.jpg,0,0,0
crop_part1/85_1_0_20170110183721942.jpg.chip.jpg,1,1,0
crop_part1/79_1_0_20170110151406182.jpg.chip.jpg,1,1,0
crop_part1/1_1_3_20161220143348598.jpg.chip.jpg,0,1,1
crop_part1/50_0_0_20170104205729700.jpg.chip.jpg,1,0,0
crop_part1/8_1_0_20170109203200614.jpg.chip.jpg,0,1,0
crop_part1/35_0_0_20170104201512505.jpg.chip.jpg,1,0,0
crop_part1/27_0_2_20170105163325547.jpg.chip.jpg,0,0,1
crop_part1/15_1_4_20170104005847968.jpg.chip.jpg,0,1,1
crop_part1/2_1_3_20161220144445968.jpg.chip.jpg,0,1,1
crop_part1/15_1_4_20170103201254359.jpg.chip.jpg,0,1,1
crop_part1/28_1_2_20170105000553851.jpg.chip.jpg,0,1,1
crop_part1/5_0_3_20161220222940507.jpg.chip.jpg,0,0,1
crop_part1/1_1_0_20161219201324636.jpg.chip.jpg,0,1,0
crop_part1/40_1_0_20170108231152425.jpg.chip.jpg,1,1,0
crop_part1/89_0_0_20170111210541562.jpg.chip.jpg,1,0,0
crop_part1/47_0_0_20170104211822836.jpg.chip.jpg,1,0,0
crop_part1/22_1_3_20170104222612607.jpg.chip.jpg,0,1,1
crop_part1/21_1_3_20170104222046054.jpg.chip.jpg,0,1,1
crop_part1/38_1_4_20170109003326675.jpg.chip.jpg,1,1,1
crop_part1/2_0_2_20161219152914700.jpg.chip.jpg,0,0,1
crop_part1/48_0_0_20170104182220669.jpg.chip.jpg,1,0,0
crop_part1/43_0_3_20170109015557169.jpg.chip.jpg,1,0,1
crop_part1/56_1_0_20170109220607828.jpg.chip.jpg,1,1,0
crop_part1/25_1_0_20170105183547063.jpg.chip.jpg,0,1,0
crop_part1/23_1_3_20170104223058543.jpg.chip.jpg,0,1,1
crop_part1/47_0_1_20170109004328399.jpg.chip.jpg,1,0,1
crop_part1/4_0_3_20161220145148791.jpg.chip.jpg,0,0,1
crop_part1/31_1_4_20170103234105597.jpg.chip.jpg,1,1,1
crop_part1/65_0_0_20170111193809606.jpg.chip.jpg,1,0,0
crop_part1/70_1_0_20170111202338431.jpg.chip.jpg,1,1,0
crop_part1/59_1_0_20170110132107674.jpg.chip.jpg,1,1,0
crop_part1/30_1_0_20170103183908075.jpg.chip.jpg,0,1,0
crop_part1/39_1_0_20170109141437262.jpg.chip.jpg,1,1,0
crop_part1/55_0_1_20170104185028367.jpg.chip.jpg,1,0,1
crop_part1/2_0_4_20170103211006898.jpg.chip.jpg,0,0,1
crop_part1/30_0_4_20170105170010108.jpg.chip.jpg,0,0,1
crop_part1/23_0_0_20170111181750321.jpg.chip.jpg,0,0,0
crop_part1/53_1_0_20170110143325963.jpg.chip.jpg,1,1,0
crop_part1/24_1_2_20170104020818270.jpg.chip.jpg,0,1,1
crop_part1/1_0_2_20161219155701277.jpg.chip.jpg,0,0,1
crop_part1/52_0_4_20170104184746311.jpg.chip.jpg,1,0,1
crop_part1/1_0_3_20161219230455336.jpg.chip.jpg,0,0,1
crop_part1/21_0_0_20170104020830476.jpg.chip.jpg,0,0,0
crop_part1/2_0_4_20161221203017368.jpg.chip.jpg,0,0,1
crop_part1/26_0_0_20170105164133579.jpg.chip.jpg,0,0,0
crop_part1/3_1_0_20170109191823943.jpg.chip.jpg,0,1,0
crop_part1/76_0_0_20170111210806003.jpg.chip.jpg,1,0,0
crop_part1/32_1_3_20170109142352309.jpg.chip.jpg,1,1,1
crop_part1/1_0_0_20170110213042127.jpg.chip.jpg,0,0,0
crop_part1/81_0_0_20170111222450939.jpg.chip.jpg,1,0,0
crop_part1/30_1_0_20170103180631960.jpg.chip.jpg,0,1,0
crop_part1/50_0_0_20170104202456587.jpg.chip.jpg,1,0,0
crop_part1/2_0_2_20161219222109319.jpg.chip.jpg,0,0,1
crop_part1/3_0_3_20161220221437315.jpg.chip.jpg,0,0,1
crop_part1/3_1_0_20170109192758746.jpg.chip.jpg,0,1,0
crop_part1/36_0_0_20170104172701786.jpg.chip.jpg,1,0,0
crop_part1/50_0_0_20170105161353395.jpg.chip.jpg,1,0,0
crop_part1/45_1_0_20170110140908362.jpg.chip.jpg,1,1,0
crop_part1/2_0_0_20161219162303390.jpg.chip.jpg,0,0,0
crop_part1/22_0_2_20170104015701971.jpg.chip.jpg,0,0,1
crop_part1/1_0_0_20161219190045155.jpg.chip.jpg,0,0,0
crop_part1/11_0_0_20170103200509559.jpg.chip.jpg,0,0,0
crop_part1/75_0_0_20170111201111541.jpg.chip.jpg,1,0,0
crop_part1/20_1_3_20170104231536521.jpg.chip.jpg,0,1,1
crop_part1/66_1_0_20170110141312880.jpg.chip.jpg,1,1,0
crop_part1/22_1_3_20161220221656537.jpg.chip.jpg,0,1,1
crop_part1/1_0_0_20170110213203795.jpg.chip.jpg,0,0,0
crop_part1/36_1_0_20170110173815028.jpg.chip.jpg,1,1,0
crop_part1/71_0_1_20170111222525552.jpg.chip.jpg,1,0,1
crop_part1/11_1_0_20170109205216790.jpg.chip.jpg,0,1,0
crop_part1/27_0_4_20170105163841596.jpg.chip.jpg,0,0,1
crop_part1/2_1_1_20170109190932811.jpg.chip.jpg,0,1,1
crop_part1/18_1_0_20170109212422272.jpg.chip.jpg,0,1,0
crop_part1/22_1_3_20170104231710175.jpg.chip.jpg,0,1,1
crop_part1/12_1_2_20170109203838187.jpg.chip.jpg,0,1,1
crop_part1/60_1_0_20170110140645753.jpg.chip.jpg,1,1,0
crop_part1/31_0_0_20170104170131913.jpg.chip.jpg,1,0,0
crop_part1/8_1_0_20170109202339392.jpg.chip.jpg,0,1,0
crop_part1/2_1_2_20161219154029060.jpg.chip.jpg,0,1,1
crop_part1/25_1_3_20170104222459455.jpg.chip.jpg,0,1,1
crop_part1/39_0_0_20170104204347174.jpg.chip.jpg,1,0,0
crop_part1/54_1_0_20170103180708902.jpg.chip.jpg,1,1,0
crop_part1/56_0_0_20170105175625694.jpg.chip.jpg,1,0,0
crop_part1/80_0_0_20170111221949087.jpg.chip.jpg,1,0,0
crop_part1/75_0_2_20170110131323894.jpg.chip.jpg,1,0,1
crop_part1/56_1_1_20170110141650039.jpg.chip.jpg,1,1,1
crop_part1/85_1_0_20170110183346968.jpg.chip.jpg,1,1,0
crop_part1/10_1_0_20170109205134282.jpg.chip.jpg,0,1,0
crop_part1/49_0_0_20170104212516069.jpg.chip.jpg,1,0,0
crop_part1/4_1_0_20161219201246716.jpg.chip.jpg,0,1,0
crop_part1/47_1_0_20170109220523042.jpg.chip.jpg,1,1,0
crop_part1/1_1_4_20161221202159241.jpg.chip.jpg,0,1,1
crop_part1/12_1_0_20170109203536309.jpg.chip.jpg,0,1,0
crop_part1/35_1_0_20170104181321972.jpg.chip.jpg,1,1,0
crop_part1/48_0_0_20170111195354415.jpg.chip.jpg,1,0,0
crop_part1/37_1_0_20170105172652727.jpg.chip.jpg,1,1,0
crop_part1/80_1_0_20170110131552667.jpg.chip.jpg,1,1,0
crop_part1/56_1_2_20170105000902100.jpg.chip.jpg,1,1,1
crop_part1/23_1_4_20170103233615355.jpg.chip.jpg,0,1,1
crop_part1/2_0_3_20161219225554448.jpg.chip.jpg,0,0,1
crop_part1/85_0_2_20170111211021687.jpg.chip.jpg,1,0,1
crop_part1/9_0_0_20170110224611885.jpg.chip.jpg,0,0,0
crop_part1/4_1_1_20170109194530016.jpg.chip.jpg,0,1,1
crop_part1/8_1_0_20170109202407288.jpg.chip.jpg,0,1,0
crop_part1/22_1_3_20170104232504850.jpg.chip.jpg,0,1,1
crop_part1/96_1_0_20170110182433943.jpg.chip.jpg,1,1,0
crop_part1/56_1_0_20170110131907975.jpg.chip.jpg,1,1,0
crop_part1/9_0_0_20170110220151722.jpg.chip.jpg,0,0,0
crop_part1/20_1_4_20170103233719339.jpg.chip.jpg,0,1,1
crop_part1/2_1_2_20170109191828204.jpg.chip.jpg,0,1,1
crop_part1/25_1_3_20170104222218775.jpg.chip.jpg,0,1,1
crop_part1/46_0_4_20170105162327242.jpg.chip.jpg,1,0,1
crop_part1/53_1_0_20170109220957462.jpg.chip.jpg,1,1,0
crop_part1/25_1_0_20170103180311751.jpg.chip.jpg,0,1,0
crop_part1/24_1_2_20170104234618170.jpg.chip.jpg,0,1,1
crop_part1/1_0_2_20161219201319628.jpg.chip.jpg,0,0,1
crop_part1/16_0_1_20170110231925176.jpg.chip.jpg,0,0,1
crop_part1/1_0_0_20161219204552941.jpg.chip.jpg,0,0,0
crop_part1/78_0_0_20170111223832508.jpg.chip.jpg,1,0,0
crop_part1/1_0_2_20161219140530307.jpg.chip.jpg,0,0,1
crop_part1/54_0_0_20170105173307381.jpg.chip.jpg,1,0,0
crop_part1/56_1_1_20170110153339650.jpg.chip.jpg,1,1,1
crop_part1/28_0_3_20170104220258078.jpg.chip.jpg,0,0,1
crop_part1/41_1_0_20170109141200997.jpg.chip.jpg,1,1,0
crop_part1/7_1_3_20161220221712842.jpg.chip.jpg,0,1,1
crop_part1/4_0_2_20170110213551318.jpg.chip.jpg,0,0,1
crop_part1/62_0_0_20170111171747588.jpg.chip.jpg,1,0,0
crop_part1/60_1_1_20170110122649846.jpg.chip.jpg,1,1,1
crop_part1/39_1_3_20170104220213820.jpg.chip.jpg,1,1,1
crop_part1/8_1_0_20170109202434032.jpg.chip.jpg,0,1,0
crop_part1/24_1_3_20170104231625010.jpg.chip.jpg,0,1,1
crop_part1/35_1_0_20170105165053628.jpg.chip.jpg,1,1,0
crop_part1/25_1_0_20170109213201198.jpg.chip.jpg,0,1,0
crop_part1/54_0_0_20170104212621156.jpg.chip.jpg,1,0,0
crop_part1/46_0_0_20170104205743292.jpg.chip.jpg,1,0,0
crop_part1/22_1_3_20170104222607551.jpg.chip.jpg,0,1,1
crop_part1/61_0_3_20170104210003146.jpg.chip.jpg,1,0,1
crop_part1/34_1_4_20170104165941169.jpg.chip.jpg,1,1,1
crop_part1/6_1_0_20170109193911170.jpg.chip.jpg,0,1,0
crop_part1/8_1_2_20170109203442372.jpg.chip.jpg,0,1,1
crop_part1/60_1_0_20170110184058156.jpg.chip.jpg,1,1,0
crop_part1/67_1_0_20170109150548754.jpg.chip.jpg,1,1,0
crop_part1/1_1_2_20161219141431352.jpg.chip.jpg,0,1,1
crop_part1/60_0_0_20170104212556604.jpg.chip.jpg,1,0,0
crop_part1/58_1_0_20170110132501568.jpg.chip.jpg,1,1,0
crop_part1/41_1_0_20170103181204176.jpg.chip.jpg,1,1,0
crop_part1/29_1_0_20170104235458939.jpg.chip.jpg,0,1,0
crop_part1/2_1_2_20161219162835606.jpg.chip.jpg,0,1,1
crop_part1/25_1_3_20170104222350215.jpg.chip.jpg,0,1,1
crop_part1/62_0_0_20170111203239701.jpg.chip.jpg,1,0,0
crop_part1/21_1_4_20170103223208902.jpg.chip.jpg,0,1,1
crop_part1/56_1_0_20170110122842545.jpg.chip.jpg,1,1,0
crop_part1/88_1_0_20170110183756051.jpg.chip.jpg,1,1,0
crop_part1/49_1_3_20170109141810902.jpg.chip.jpg,1,1,1
crop_part1/60_1_0_20170110153435061.jpg.chip.jpg,1,1,0
crop_part1/52_1_0_20170110153711933.jpg.chip.jpg,1,1,0
crop_part1/9_0_0_20170110224455692.jpg.chip.jpg,0,0,0
crop_part1/9_0_0_20170110220236260.jpg.chip.jpg,0,0,0
crop_part1/33_1_3_20170104235523490.jpg.chip.jpg,1,1,1
crop_part1/26_0_2_20170104015801932.jpg.chip.jpg,0,0,1
crop_part1/11_0_0_20170110225459361.jpg.chip.jpg,0,0,0
crop_part1/1_1_0_20170109190534438.jpg.chip.jpg,0,1,0
crop_part1/6_1_4_20170103214752366.jpg.chip.jpg,0,1,1
crop_part1/60_1_4_20170103230632265.jpg.chip.jpg,1,1,1
crop_part1/35_1_3_20170104235136827.jpg.chip.jpg,1,1,1
crop_part1/80_1_0_20170110122217473.jpg.chip.jpg,1,1,0
crop_part1/59_1_3_20170109142030313.jpg.chip.jpg,1,1,1
crop_part1/8_1_0_20170109201053203.jpg.chip.jpg,0,1,0
crop_part1/85_1_2_20170110175723033.jpg.chip.jpg,1,1,1
crop_part1/4_1_0_20170109193124855.jpg.chip.jpg,0,1,0
crop_part1/2_0_0_20170110224730142.jpg.chip.jpg,0,0,0
crop_part1/56_1_0_20170109220552870.jpg.chip.jpg,1,1,0
crop_part1/2_0_2_20161219222215999.jpg.chip.jpg,0,0,1
crop_part1/51_0_0_20170105173555117.jpg.chip.jpg,1,0,0
crop_part1/9_0_2_20170110224822473.jpg.chip.jpg,0,0,1
crop_part1/31_1_0_20170103182528433.jpg.chip.jpg,1,1,0
crop_part1/16_0_0_20170110232434079.jpg.chip.jpg,0,0,0
crop_part1/27_1_2_20161219204245668.jpg.chip.jpg,0,1,1
crop_part1/61_1_0_20170104183517277.jpg.chip.jpg,1,1,0
crop_part1/1_0_1_20170110213701704.jpg.chip.jpg,0,0,1
crop_part1/57_0_0_20170109012720243.jpg.chip.jpg,1,0,0
crop_part1/47_0_0_20170104210532204.jpg.chip.jpg,1,0,0
crop_part1/22_1_0_20170104021327948.jpg.chip.jpg,0,1,0
crop_part1/53_0_3_20170109142546975.jpg.chip.jpg,1,0,1
crop_part1/48_1_0_20170110154607979.jpg.chip.jpg,1,1,0
crop_part1/1_1_4_20161221192836205.jpg.chip.jpg,0,1,1
crop_part1/56_1_0_20170109141253341.jpg.chip.jpg,1,1,0
crop_part1/2_0_2_20161219161726454.jpg.chip.jpg,0,0,1
crop_part1/3_1_2_20161219151448835.jpg.chip.jpg,0,1,1
crop_part1/16_1_0_20170105000703117.jpg.chip.jpg,0,1,0
crop_part1/45_1_0_20170104211742180.jpg.chip.jpg,1,1,0
crop_part1/70_0_0_20170111200011745.jpg.chip.jpg,1,0,0
crop_part1/18_1_0_20170109213856511.jpg.chip.jpg,0,1,0
crop_part1/10_1_1_20170110225155603.jpg.chip.jpg,0,1,1
crop_part1/1_0_0_20170110213138878.jpg.chip.jpg,0,0,0
crop_part1/36_1_0_20170103182848826.jpg.chip.jpg,1,1,0
crop_part1/53_0_0_20170109012753174.jpg.chip.jpg,1,0,0
crop_part1/99_1_0_20170110182052119.jpg.chip.jpg,1,1,0
crop_part1/42_1_2_20170104201224233.jpg.chip.jpg,1,1,1
crop_part1/1_1_3_20161219225416559.jpg.chip.jpg,0,1,1
crop_part1/32_1_3_20170109141308065.jpg.chip.jpg,1,1,1
crop_part1/1_0_4_20170103205838610.jpg.chip.jpg,0,0,1
crop_part1/35_0_2_20170104191720503.jpg.chip.jpg,1,0,1
crop_part1/1_0_1_20170110213810856.jpg.chip.jpg,0,0,1
crop_part1/42_1_2_20170107212130951.jpg.chip.jpg,1,1,1
crop_part1/28_1_0_20170108225857948.jpg.chip.jpg,0,1,0
crop_part1/61_1_0_20170110123303836.jpg.chip.jpg,1,1,0
crop_part1/67_1_3_20170109150650035.jpg.chip.jpg,1,1,1
crop_part1/27_0_1_20170102233552626.jpg.chip.jpg,0,0,1
crop_part1/75_0_1_20170111210049339.jpg.chip.jpg,1,0,1
crop_part1/52_1_1_20170105003356704.jpg.chip.jpg,1,1,1
crop_part1/6_1_2_20161219162040862.jpg.chip.jpg,0,1,1
crop_part1/12_0_0_20170103201859385.jpg.chip.jpg,0,0,0
crop_part1/11_0_0_20170110224606036.jpg.chip.jpg,0,0,0
crop_part1/15_0_0_20170104012550546.jpg.chip.jpg,0,0,0
crop_part1/35_0_0_20170105164841588.jpg.chip.jpg,1,0,0
crop_part1/1_0_0_20161219200338012.jpg.chip.jpg,0,0,0
crop_part1/56_0_0_20170111210636788.jpg.chip.jpg,1,0,0
crop_part1/35_0_0_20170105163921171.jpg.chip.jpg,1,0,0
crop_part1/1_1_0_20170109191027883.jpg.chip.jpg,0,1,0
crop_part1/57_1_1_20170109133029617.jpg.chip.jpg,1,1,1
crop_part1/71_0_0_20170111210043449.jpg.chip.jpg,1,0,0
crop_part1/38_0_0_20170109012846030.jpg.chip.jpg,1,0,0
crop_part1/58_0_0_20170109015209205.jpg.chip.jpg,1,0,0
crop_part1/52_0_0_20170104212319100.jpg.chip.jpg,1,0,0
crop_part1/62_1_3_20170109133411698.jpg.chip.jpg,1,1,1
crop_part1/10_1_0_20170109204931156.jpg.chip.jpg,0,1,0
crop_part1/27_0_3_20170104214439206.jpg.chip.jpg,0,0,1
crop_part1/58_0_3_20170109142236643.jpg.chip.jpg,1,0,1
crop_part1/31_1_0_20170109132941538.jpg.chip.jpg,1,1,0
crop_part1/65_0_3_20170105180657742.jpg.chip.jpg,1,0,1
crop_part1/48_0_0_20170105163527867.jpg.chip.jpg,1,0,0
crop_part1/12_0_4_20170103201607807.jpg.chip.jpg,0,0,1
crop_part1/68_0_0_20170111205947306.jpg.chip.jpg,1,0,0
crop_part1/61_0_0_20170104213341365.jpg.chip.jpg,1,0,0
crop_part1/8_1_0_20170109205108577.jpg.chip.jpg,0,1,0
crop_part1/69_1_0_20170110141835631.jpg.chip.jpg,1,1,0
crop_part1/7_1_0_20170109194702900.jpg.chip.jpg,0,1,0
crop_part1/28_0_3_20170109002910810.jpg.chip.jpg,0,0,1
crop_part1/34_1_0_20170105001216267.jpg.chip.jpg,1,1,0
crop_part1/1_0_0_20161219202455708.jpg.chip.jpg,0,0,0
crop_part1/24_1_2_20170103223948600.jpg.chip.jpg,0,1,1
crop_part1/17_1_0_20170109213944067.jpg.chip.jpg,0,1,0
crop_part1/12_0_0_20170110225540554.jpg.chip.jpg,0,0,0
crop_part1/1_0_2_20161219140811232.jpg.chip.jpg,0,0,1
crop_part1/52_1_0_20170104210704511.jpg.chip.jpg,1,1,0
crop_part1/63_1_0_20170109221021608.jpg.chip.jpg,1,1,0
crop_part1/16_0_0_20170110231814139.jpg.chip.jpg,0,0,0
crop_part1/51_0_0_20170111171747330.jpg.chip.jpg,1,0,0
crop_part1/32_1_2_20170104023251558.jpg.chip.jpg,1,1,1
crop_part1/29_1_0_20170103183239274.jpg.chip.jpg,0,1,0
crop_part1/21_1_4_20170103225014665.jpg.chip.jpg,0,1,1
crop_part1/1_1_0_20170109190937434.jpg.chip.jpg,0,1,0
crop_part1/40_1_0_20170104183639757.jpg.chip.jpg,1,1,0
crop_part1/18_1_3_20170109213144758.jpg.chip.jpg,0,1,1
crop_part1/26_0_4_20170103235020885.jpg.chip.jpg,0,0,1
crop_part1/52_1_0_20170109132305364.jpg.chip.jpg,1,1,0
crop_part1/70_1_1_20170110153248874.jpg.chip.jpg,1,1,1
crop_part1/27_0_2_20170105161443219.jpg.chip.jpg,0,0,1
crop_part1/2_0_2_20161219192307618.jpg.chip.jpg,0,0,1
crop_part1/39_1_2_20170103183301786.jpg.chip.jpg,1,1,1
crop_part1/72_0_0_20170111201853033.jpg.chip.jpg,1,0,0
crop_part1/4_0_0_20170110212545618.jpg.chip.jpg,0,0,0
crop_part1/28_0_0_20170104202019890.jpg.chip.jpg,0,0,0
crop_part1/1_0_2_20170110213009014.jpg.chip.jpg,0,0,1
crop_part1/4_1_0_20170109190923998.jpg.chip.jpg,0,1,0
crop_part1/22_1_3_20170104232533912.jpg.chip.jpg,0,1,1
crop_part1/58_0_0_20170109012537557.jpg.chip.jpg,1,0,0
crop_part1/89_1_0_20170110183554182.jpg.chip.jpg,1,1,0
crop_part1/1_0_4_20161221202331737.jpg.chip.jpg,0,0,1
crop_part1/60_0_0_20170104213241125.jpg.chip.jpg,1,0,0
crop_part1/5_1_0_20170109191946614.jpg.chip.jpg,0,1,0
crop_part1/75_0_4_20170111205047952.jpg.chip.jpg,1,0,1
crop_part1/90_0_2_20170110183643228.jpg.chip.jpg,1,0,1
crop_part1/36_1_0_20170103183128874.jpg.chip.jpg,1,1,0
crop_part1/48_1_1_20170109221012363.jpg.chip.jpg,1,1,1
crop_part1/2_0_0_20170110213250253.jpg.chip.jpg,0,0,0
crop_part1/70_0_0_20170111201419254.jpg.chip.jpg,1,0,0
crop_part1/26_0_0_20170104194358449.jpg.chip.jpg,0,0,0
crop_part1/15_0_0_20170110232311158.jpg.chip.jpg,0,0,0
crop_part1/42_1_4_20170109002558079.jpg.chip.jpg,1,1,1
crop_part1/44_0_0_20170104210021804.jpg.chip.jpg,1,0,0
crop_part1/42_1_0_20170104181529757.jpg.chip.jpg,1,1,0
crop_part1/6_1_4_20170103213155772.jpg.chip.jpg,0,1,1
crop_part1/5_1_2_20161219160221254.jpg.chip.jpg,0,1,1
crop_part1/12_0_0_20170110215606404.jpg.chip.jpg,0,0,0
crop_part1/1_0_0_20170110213011627.jpg.chip.jpg,0,0,0
crop_part1/77_1_0_20170110131558278.jpg.chip.jpg,1,1,0
crop_part1/90_1_0_20170110182426286.jpg.chip.jpg,1,1,0
crop_part1/85_1_4_20170110184012572.jpg.chip.jpg,1,1,1
crop_part1/17_1_4_20170103222931966.jpg.chip.jpg,0,1,1
crop_part1/1_1_2_20161219221253335.jpg.chip.jpg,0,1,1
crop_part1/9_0_0_20170110220413289.jpg.chip.jpg,0,0,0
crop_part1/84_1_0_20170110181735987.jpg.chip.jpg,1,1,0
crop_part1/1_1_4_20161221192832972.jpg.chip.jpg,0,1,1
crop_part1/50_0_3_20170109134300362.jpg.chip.jpg,1,0,1
crop_part1/34_0_0_20170103182629265.jpg.chip.jpg,1,0,0
crop_part1/3_1_2_20161219151933763.jpg.chip.jpg,0,1,1
crop_part1/1_0_2_20161219204634589.jpg.chip.jpg,0,0,1
crop_part1/42_0_3_20170105172357317.jpg.chip.jpg,1,0,1
crop_part1/4_1_2_20161219142249665.jpg.chip.jpg,0,1,1
crop_part1/16_0_0_20170110232613101.jpg.chip.jpg,0,0,0
crop_part1/25_1_0_20170105000803577.jpg.chip.jpg,0,1,0
crop_part1/52_0_0_20170104205512484.jpg.chip.jpg,1,0,0
crop_part1/62_0_0_20170111171747583.jpg.chip.jpg,1,0,0
crop_part1/1_0_0_20161219211413621.jpg.chip.jpg,0,0,0
crop_part1/88_1_3_20170110182157752.jpg.chip.jpg,1,1,1
crop_part1/27_1_3_20170104223444183.jpg.chip.jpg,0,1,1
crop_part1/90_0_0_20170111210403969.jpg.chip.jpg,1,0,0
crop_part1/1_0_0_20170109194042219.jpg.chip.jpg,0,0,0
crop_part1/79_0_0_20170111222511980.jpg.chip.jpg,1,0,0
crop_part1/56_1_0_20170110141552560.jpg.chip.jpg,1,1,0
crop_part1/96_1_2_20170110182526540.jpg.chip.jpg,1,1,1
crop_part1/1_0_2_20161219203154684.jpg.chip.jpg,0,0,1
crop_part1/22_0_3_20170104230121056.jpg.chip.jpg,0,0,1
crop_part1/55_0_0_20170111205137423.jpg.chip.jpg,1,0,0
crop_part1/1_1_3_20161219225050632.jpg.chip.jpg,0,1,1
crop_part1/49_1_0_20170109142131660.jpg.chip.jpg,1,1,0
crop_part1/22_1_3_20170104222853135.jpg.chip.jpg,0,1,1
crop_part1/1_0_2_20161219222609775.jpg.chip.jpg,0,0,1
crop_part1/76_0_0_20170111210148707.jpg.chip.jpg,1,0,0
crop_part1/1_0_4_20161221192548675.jpg.chip.jpg,0,0,1
crop_part1/53_1_2_20170105174705949.jpg.chip.jpg,1,1,1
crop_part1/26_1_3_20170104222933607.jpg.chip.jpg,0,1,1
crop_part1/72_0_2_20170112003907566.jpg.chip.jpg,1,0,1
crop_part1/26_1_0_20170103180649464.jpg.chip.jpg,0,1,0
crop_part1/4_0_0_20170110213536030.jpg.chip.jpg,0,0,0
crop_part1/1_0_4_20170103210958819.jpg.chip.jpg,0,0,1
crop_part1/62_0_0_20170111210530412.jpg.chip.jpg,1,0,0
crop_part1/32_1_0_20170103181503793.jpg.chip.jpg,1,1,0
crop_part1/26_0_3_20170104230513064.jpg.chip.jpg,0,0,1
crop_part1/30_1_0_20170109001620649.jpg.chip.jpg,0,1,0
crop_part1/63_0_0_20170104213529213.jpg.chip.jpg,1,0,0
crop_part1/52_0_0_20170105173619725.jpg.chip.jpg,1,0,0
crop_part1/25_0_3_20170105175316102.jpg.chip.jpg,0,0,1
crop_part1/26_1_4_20170103225817689.jpg.chip.jpg,0,1,1
crop_part1/28_1_1_20170109132457432.jpg.chip.jpg,0,1,1
crop_part1/2_0_4_20161221195201991.jpg.chip.jpg,0,0,1
crop_part1/45_0_1_20170111195732003.jpg.chip.jpg,1,0,1
crop_part1/68_0_1_20170111224026548.jpg.chip.jpg,1,0,1
crop_part1/3_1_2_20161219212116151.jpg.chip.jpg,0,1,1
crop_part1/27_0_0_20170104170103608.jpg.chip.jpg,0,0,0
crop_part1/2_1_2_20161219202825380.jpg.chip.jpg,0,1,1
crop_part1/37_0_2_20170104023143430.jpg.chip.jpg,1,0,1
crop_part1/6_1_3_20161220222431162.jpg.chip.jpg,0,1,1
crop_part1/41_0_2_20170104200819057.jpg.chip.jpg,1,0,1
crop_part1/75_0_0_20170111205052872.jpg.chip.jpg,1,0,0
crop_part1/54_0_0_20170111171747438.jpg.chip.jpg,1,0,0
crop_part1/77_1_0_20170110140643082.jpg.chip.jpg,1,1,0
crop_part1/16_0_3_20170110231223673.jpg.chip.jpg,0,0,1
crop_part1/63_0_0_20170104213553685.jpg.chip.jpg,1,0,0
crop_part1/29_0_4_20170103235840396.jpg.chip.jpg,0,0,1
crop_part1/88_1_0_20170110182132120.jpg.chip.jpg,1,1,0
crop_part1/65_1_0_20170110133937781.jpg.chip.jpg,1,1,0
crop_part1/1_0_4_20161219195147803.jpg.chip.jpg,0,0,1
crop_part1/16_0_0_20170110231944071.jpg.chip.jpg,0,0,0
crop_part1/85_1_0_20170110183129402.jpg.chip.jpg,1,1,0
crop_part1/40_0_0_20170104205218667.jpg.chip.jpg,1,0,0
crop_part1/68_0_0_20170111200803612.jpg.chip.jpg,1,0,0
crop_part1/2_1_0_20161219192513827.jpg.chip.jpg,0,1,0
crop_part1/28_0_4_20170103235229669.jpg.chip.jpg,0,0,1
crop_part1/47_0_0_20170109012454632.jpg.chip.jpg,1,0,0
crop_part1/72_1_0_20170110122329893.jpg.chip.jpg,1,1,0
crop_part1/7_0_0_20170110215648859.jpg.chip.jpg,0,0,0
crop_part1/1_0_2_20161219161944926.jpg.chip.jpg,0,0,1
crop_part1/39_1_3_20170109141053796.jpg.chip.jpg,1,1,1
crop_part1/16_0_0_20170110232307970.jpg.chip.jpg,0,0,0
crop_part1/52_0_1_20170111204341094.jpg.chip.jpg,1,0,1
crop_part1/2_1_2_20161219140840080.jpg.chip.jpg,0,1,1
crop_part1/14_0_0_20170110232124117.jpg.chip.jpg,0,0,0
crop_part1/92_1_0_20170110182402526.jpg.chip.jpg,1,1,0
crop_part1/14_1_0_20170104011720664.jpg.chip.jpg,0,1,0
crop_part1/52_1_1_20170110153724776.jpg.chip.jpg,1,1,1
crop_part1/32_1_0_20170103182605514.jpg.chip.jpg,1,1,0
crop_part1/29_1_4_20170103163340489.jpg.chip.jpg,0,1,1
crop_part1/20_1_3_20170104222029447.jpg.chip.jpg,0,1,1
crop_part1/2_0_2_20161219141245497.jpg.chip.jpg,0,0,1
crop_part1/8_1_0_20170109202734214.jpg.chip.jpg,0,1,0
crop_part1/51_1_0_20170110123530286.jpg.chip.jpg,1,1,0
crop_part1/64_0_0_20170111171747624.jpg.chip.jpg,1,0,0
crop_part1/65_0_0_20170111201953344.jpg.chip.jpg,1,0,0
crop_part1/11_0_2_20170103200847287.jpg.chip.jpg,0,0,1
crop_part1/1_0_2_20170109191453449.jpg.chip.jpg,0,0,1
crop_part1/52_0_0_20170104184201550.jpg.chip.jpg,1,0,0
crop_part1/41_1_0_20170109133809164.jpg.chip.jpg,1,1,0
crop_part1/18_1_0_20170109212554810.jpg.chip.jpg,0,1,0
crop_part1/6_1_4_20161223232234756.jpg.chip.jpg,0,1,1
crop_part1/28_1_2_20170104021815094.jpg.chip.jpg,0,1,1
crop_part1/1_0_0_20170103210905939.jpg.chip.jpg,0,0,0
crop_part1/5_1_0_20170109193145120.jpg.chip.jpg,0,1,0
crop_part1/39_0_2_20170104023022750.jpg.chip.jpg,1,0,1
crop_part1/24_1_2_20170104020359556.jpg.chip.jpg,0,1,1
crop_part1/15_1_0_20170109214412116.jpg.chip.jpg,0,1,0
crop_part1/16_1_3_20170104012449865.jpg.chip.jpg,0,1,1
crop_part1/42_0_4_20170104174008963.jpg.chip.jpg,1,0,1
crop_part1/14_1_0_20170109212926958.jpg.chip.jpg,0,1,0
crop_part1/54_0_0_20170111203603354.jpg.chip.jpg,1,0,0
crop_part1/1_1_2_20161219162024742.jpg.chip.jpg,0,1,1
crop_part1/22_1_4_20170103223419073.jpg.chip.jpg,0,1,1
crop_part1/5_0_2_20161219192503459.jpg.chip.jpg,0,0,1
crop_part1/76_1_1_20170110182035970.jpg.chip.jpg,1,1,1
crop_part1/8_0_0_20170110220011635.jpg.chip.jpg,0,0,0
crop_part1/50_0_0_20170111181750464.jpg.chip.jpg,1,0,0
crop_part1/3_1_2_20161219204943868.jpg.chip.jpg,0,1,1
crop_part1/1_1_3_20161220221808354.jpg.chip.jpg,0,1,1
crop_part1/1_0_0_20170110213206043.jpg.chip.jpg,0,0,0
crop_part1/6_1_3_20161220220517209.jpg.chip.jpg,0,1,1
crop_part1/2_1_0_20170109194017380.jpg.chip.jpg,0,1,0
crop_part1/15_0_2_20170104011938218.jpg.chip.jpg,0,0,1
crop_part1/22_0_0_20170104230116624.jpg.chip.jpg,0,0,0
crop_part1/37_1_0_20170103182952754.jpg.chip.jpg,1,1,0
crop_part1/14_0_0_20170110225712028.jpg.chip.jpg,0,0,0
crop_part1/85_1_0_20170110182428223.jpg.chip.jpg,1,1,0
crop_part1/57_0_0_20170103183943554.jpg.chip.jpg,1,0,0
crop_part1/31_1_3_20170104232529874.jpg.chip.jpg,1,1,1
crop_part1/1_0_2_20161219155542229.jpg.chip.jpg,0,0,1
crop_part1/25_1_4_20170103223138663.jpg.chip.jpg,0,1,1
crop_part1/47_0_0_20170107213329593.jpg.chip.jpg,1,0,0
crop_part1/32_1_0_20170103181859185.jpg.chip.jpg,1,1,0
crop_part1/50_0_4_20170104210650526.jpg.chip.jpg,1,0,1
crop_part1/48_1_0_20170109142311780.jpg.chip.jpg,1,1,0
crop_part1/34_1_2_20170109140259136.jpg.chip.jpg,1,1,1
crop_part1/53_1_0_20170110122611684.jpg.chip.jpg,1,1,0
crop_part1/75_0_2_20170111204729431.jpg.chip.jpg,1,0,1
crop_part1/32_0_4_20170104170633305.jpg.chip.jpg,1,0,1
crop_part1/57_1_0_20170104201429289.jpg.chip.jpg,1,1,0
crop_part1/28_0_0_20170109141837163.jpg.chip.jpg,0,0,0
crop_part1/54_1_0_20170104184901670.jpg.chip.jpg,1,1,0
crop_part1/18_1_3_20170109213214718.jpg.chip.jpg,0,1,1
crop_part1/5_0_0_20170110212804775.jpg.chip.jpg,0,0,0
crop_part1/72_1_0_20170110131756405.jpg.chip.jpg,1,1,0
crop_part1/62_1_3_20170109150704840.jpg.chip.jpg,1,1,1
crop_part1/60_1_0_20170110122522956.jpg.chip.jpg,1,1,0
crop_part1/1_1_2_20161219211948405.jpg.chip.jpg,0,1,1
crop_part1/36_0_0_20170104173002256.jpg.chip.jpg,1,0,0
crop_part1/53_0_0_20170104212355436.jpg.chip.jpg,1,0,0
crop_part1/1_0_3_20161220220038618.jpg.chip.jpg,0,0,1
crop_part1/37_0_0_20170104202337592.jpg.chip.jpg,1,0,0
crop_part1/51_1_0_20170110125229594.jpg.chip.jpg,1,1,0
crop_part1/61_1_3_20170105001450436.jpg.chip.jpg,1,1,1
crop_part1/49_1_0_20170109141328213.jpg.chip.jpg,1,1,0
crop_part1/42_0_0_20170104205801060.jpg.chip.jpg,1,0,0
crop_part1/15_0_0_20170110232327328.jpg.chip.jpg,0,0,0
crop_part1/55_0_0_20170111203852863.jpg.chip.jpg,1,0,0
crop_part1/1_0_4_20161221195316815.jpg.chip.jpg,0,0,1
crop_part1/25_0_0_20170110231839623.jpg.chip.jpg,0,0,0
crop_part1/8_1_0_20170109203248565.jpg.chip.jpg,0,1,0
crop_part1/39_0_0_20170104202328306.jpg.chip.jpg,1,0,0
crop_part1/17_0_0_20170104011953696.jpg.chip.jpg,0,0,0
crop_part1/4_0_2_20170110212945664.jpg.chip.jpg,0,0,1
crop_part1/61_0_3_20170109015533502.jpg.chip.jpg,1,0,1
crop_part1/37_1_0_20170103181740689.jpg.chip.jpg,1,1,0
crop_part1/53_1_0_20170110122530359.jpg.chip.jpg,1,1,0
crop_part1/39_1_0_20170103163234408.jpg.chip.jpg,1,1,0
crop_part1/28_1_0_20170109003515954.jpg.chip.jpg,0,1,0
crop_part1/38_1_0_20170104192820567.jpg.chip.jpg,1,1,0
crop_part1/24_1_0_20170103180732376.jpg.chip.jpg,0,1,0
crop_part1/14_0_0_20170110225130741.jpg.chip.jpg,0,0,0
crop_part1/39_1_0_20170104235806251.jpg.chip.jpg,1,1,0
crop_part1/64_0_0_20170104185632214.jpg.chip.jpg,1,0,0
crop_part1/60_1_0_20170110151506029.jpg.chip.jpg,1,1,0
crop_part1/11_0_0_20170110220657089.jpg.chip.jpg,0,0,0
crop_part1/39_0_3_20170104220730909.jpg.chip.jpg,1,0,1
crop_part1/42_0_0_20170104181513925.jpg.chip.jpg,1,0,0
crop_part1/1_0_3_20161219225811120.jpg.chip.jpg,0,0,1
crop_part1/52_0_3_20170104220841902.jpg.chip.jpg,1,0,1
crop_part1/50_0_1_20170104210950012.jpg.chip.jpg,1,0,1
crop_part1/51_0_3_20170104212203317.jpg.chip.jpg,1,0,1
crop_part1/70_0_1_20170111201412415.jpg.chip.jpg,1,0,1
crop_part1/58_0_0_20170111203101211.jpg.chip.jpg,1,0,0
crop_part1/52_1_0_20170105172742757.jpg.chip.jpg,1,1,0
crop_part1/80_0_0_20170111222138149.jpg.chip.jpg,1,0,0
crop_part1/25_0_0_20170104214616710.jpg.chip.jpg,0,0,0
crop_part1/3_1_2_20161219142118801.jpg.chip.jpg,0,1,1
crop_part1/12_0_4_20170103200626630.jpg.chip.jpg,0,0,1
crop_part1/75_1_0_20170110122303534.jpg.chip.jpg,1,1,0
crop_part1/11_1_2_20170104005111615.jpg.chip.jpg,0,1,1
crop_part1/1_0_4_20161221201909505.jpg.chip.jpg,0,0,1
crop_part1/16_0_0_20170110231841292.jpg.chip.jpg,0,0,0
crop_part1/14_1_0_20170109213635068.jpg.chip.jpg,0,1,0
crop_part1/1_0_2_20161220144957407.jpg.chip.jpg,0,0,1
crop_part1/53_0_1_20170104212358428.jpg.chip.jpg,1,0,1
crop_part1/68_0_0_20170111221718605.jpg.chip.jpg,1,0,0
crop_part1/52_0_0_20170111181750506.jpg.chip.jpg,1,0,0
crop_part1/1_0_2_20161219142124569.jpg.chip.jpg,0,0,1
crop_part1/22_1_0_20170105183534558.jpg.chip.jpg,0,1,0
crop_part1/32_1_2_20170103183806483.jpg.chip.jpg,1,1,1
crop_part1/39_0_0_20170105165203483.jpg.chip.jpg,1,0,0
crop_part1/17_0_3_20170104225543888.jpg.chip.jpg,0,0,1
crop_part1/26_1_0_20170104022424245.jpg.chip.jpg,0,1,0
